{
  "loss": [
    2.1794300079345703,
    1.7167826890945435,
    1.6038986444473267
  ],
  "accuracy": [
    0.9944553375244141,
    0.9957663416862488,
    0.9959831237792969
  ],
  "val_loss": [
    7.381294250488281,
    6.649960041046143,
    6.0630784034729
  ],
  "val_accuracy": [
    0.978862464427948,
    0.9804760217666626,
    0.9816880822181702
  ]
}