{
  "loss": [
    6.636362106871009,
    3.67642206694683,
    3.093384033871473,
    2.7669311162965737,
    2.5508517789231773,
    2.3959205255995566,
    2.28903630583299,
    2.203410849690337,
    2.146459085542166,
    2.0865757937490557,
    2.048964838825382,
    2.0178691058338876,
    1.9843284466562396,
    1.9608610951721483,
    1.9398998128139935,
    1.916181486078002,
    1.8993643338747852,
    1.877886495076971,
    1.8678518930847914
  ],
  "f1": [
    "0.8250791",
    "0.9059582",
    "0.9210245",
    "0.9293808",
    "0.9348851",
    "0.9389747",
    "0.9416453",
    "0.94381154",
    "0.94528455",
    "0.9466605",
    "0.94766235",
    "0.94852877",
    "0.9493121",
    "0.94989645",
    "0.9505455",
    "0.9510978",
    "0.951519",
    "0.9521881",
    "0.9523264"
  ],
  "val_loss": [
    17.93337631225586,
    14.610291481018066,
    12.413801193237305,
    11.072517395019531,
    9.922497749328613,
    9.347415924072266,
    9.357879638671875,
    8.287829399108887,
    7.5427727699279785,
    7.371028900146484,
    6.765975475311279,
    6.266822338104248,
    6.292288780212402,
    5.815832614898682,
    5.9745774269104,
    5.951714515686035,
    5.3822455406188965,
    5.502569675445557,
    5.3630051612854
  ],
  "val_f1": [
    "0.9301138",
    "0.94373304",
    "0.95550025",
    "0.9613406",
    "0.96490955",
    "0.9682403",
    "0.96918637",
    "0.9705722",
    "0.9732428",
    "0.9733906",
    "0.972838",
    "0.9726904",
    "0.9748791",
    "0.97659904",
    "0.974027",
    "0.97478336",
    "0.976421",
    "0.974111",
    "0.974567"
  ]
}